stability_score,normalized_stability,avg_entropy,min_ari,max_ari,median_ari,std_ari,num_clusters
0.4526992581902407,0.3464331592590624,0.4530180129670517,-0.07308989836503473,1.0,0.6050617890488149,0.3053503939646636,2
